vulnerability,fraction
0.05,0.061664954
0.15,0.143884892
0.25,0.152106886
0.35,0.123329908
0.45,0.110996917
0.55,0.113052415
0.65,0.107913669
0.75,0.097636177
0.85,0.070914697
0.95,0.018499486
